﻿<?xml version="1.0" encoding="utf-8"?>
<helpItems schema="maml" xmlns="http://msh">
  <command:command xmlns:maml="http://schemas.microsoft.com/maml/2004/10" xmlns:command="http://schemas.microsoft.com/maml/dev/command/2004/10" xmlns:dev="http://schemas.microsoft.com/maml/dev/2004/10" xmlns:MSHelp="http://msdn.microsoft.com/mshelp">
    <command:details>
      <command:name>Get-VVXCallStatus</command:name>
      <command:verb>Get</command:verb>
      <command:noun>VVXCallStatus</command:noun>
      <maml:description>
        <maml:para>Returns the current call status of a device</maml:para>
      </maml:description>
    </command:details>
    <maml:description>
      <maml:para>Returns the current call status of a device</maml:para>
    </maml:description>
    <command:syntax>
      <command:syntaxItem>
        <maml:name>Get-VVXCallStatus</maml:name>
        <command:parameter required="true" variableLength="true" globbing="false" pipelineInput="True (ByPropertyName, ByValue)" position="1" aliases="Phone, DeviceName">
          <maml:name>Device</maml:name>
          <maml:Description>
            <maml:para>Device to send command for processing.</maml:para>
          </maml:Description>
          <command:parameterValue required="true" variableLength="false">String</command:parameterValue>
          <dev:type>
            <maml:name>String</maml:name>
            <maml:uri />
          </dev:type>
          <dev:defaultValue>None</dev:defaultValue>
        </command:parameter>
        <command:parameter required="false" variableLength="true" globbing="false" pipelineInput="False" position="named" aliases="none">
          <maml:name>Protocol</maml:name>
          <maml:Description>
            <maml:para>Protocol to use. Must be HTTP or HTTPS. Default is HTTP.</maml:para>
          </maml:Description>
          <command:parameterValue required="true" variableLength="false">String</command:parameterValue>
          <dev:type>
            <maml:name>String</maml:name>
            <maml:uri />
          </dev:type>
          <dev:defaultValue>HTTP</dev:defaultValue>
        </command:parameter>
        <command:parameter required="false" variableLength="true" globbing="false" pipelineInput="False" position="named" aliases="none">
          <maml:name>Port</maml:name>
          <maml:Description>
            <maml:para>Port to use. Default is 80.</maml:para>
          </maml:Description>
          <command:parameterValue required="true" variableLength="false">Int32</command:parameterValue>
          <dev:type>
            <maml:name>Int32</maml:name>
            <maml:uri />
          </dev:type>
          <dev:defaultValue>80</dev:defaultValue>
        </command:parameter>
        <command:parameter required="false" variableLength="true" globbing="false" pipelineInput="False" position="named" aliases="none">
          <maml:name>RetryCount</maml:name>
          <maml:Description>
            <maml:para>Number of times to retry if unsuccessful. Default is 3 times.</maml:para>
          </maml:Description>
          <command:parameterValue required="true" variableLength="false">Int32</command:parameterValue>
          <dev:type>
            <maml:name>Int32</maml:name>
            <maml:uri />
          </dev:type>
          <dev:defaultValue>3</dev:defaultValue>
        </command:parameter>
        <command:parameter required="false" variableLength="true" globbing="false" pipelineInput="False" position="named" aliases="none">
          <maml:name>IgnoreSSLCertificate</maml:name>
          <maml:Description>
            <maml:para>Ignore any certificate warnings</maml:para>
          </maml:Description>
          <dev:type>
            <maml:name>SwitchParameter</maml:name>
            <maml:uri />
          </dev:type>
          <dev:defaultValue>False</dev:defaultValue>
        </command:parameter>
        <command:parameter required="false" variableLength="true" globbing="false" pipelineInput="False" position="named" aliases="Creds">
          <maml:name>Credential</maml:name>
          <maml:Description>
            <maml:para>User ID and password for the device</maml:para>
          </maml:Description>
          <command:parameterValue required="true" variableLength="false">PSCredential</command:parameterValue>
          <dev:type>
            <maml:name>PSCredential</maml:name>
            <maml:uri />
          </dev:type>
          <dev:defaultValue>None</dev:defaultValue>
        </command:parameter>
      </command:syntaxItem>
    </command:syntax>
    <command:parameters>
      <command:parameter required="true" variableLength="true" globbing="false" pipelineInput="True (ByPropertyName, ByValue)" position="1" aliases="Phone, DeviceName">
        <maml:name>Device</maml:name>
        <maml:Description>
          <maml:para>Device to send command for processing.</maml:para>
        </maml:Description>
        <command:parameterValue required="true" variableLength="false">String</command:parameterValue>
        <dev:type>
          <maml:name>String</maml:name>
          <maml:uri />
        </dev:type>
        <dev:defaultValue>None</dev:defaultValue>
      </command:parameter>
      <command:parameter required="false" variableLength="true" globbing="false" pipelineInput="False" position="named" aliases="none">
        <maml:name>Protocol</maml:name>
        <maml:Description>
          <maml:para>Protocol to use. Must be HTTP or HTTPS. Default is HTTP.</maml:para>
        </maml:Description>
        <command:parameterValue required="true" variableLength="false">String</command:parameterValue>
        <dev:type>
          <maml:name>String</maml:name>
          <maml:uri />
        </dev:type>
        <dev:defaultValue>HTTP</dev:defaultValue>
      </command:parameter>
      <command:parameter required="false" variableLength="true" globbing="false" pipelineInput="False" position="named" aliases="none">
        <maml:name>Port</maml:name>
        <maml:Description>
          <maml:para>Port to use. Default is 80.</maml:para>
        </maml:Description>
        <command:parameterValue required="true" variableLength="false">Int32</command:parameterValue>
        <dev:type>
          <maml:name>Int32</maml:name>
          <maml:uri />
        </dev:type>
        <dev:defaultValue>80</dev:defaultValue>
      </command:parameter>
      <command:parameter required="false" variableLength="true" globbing="false" pipelineInput="False" position="named" aliases="none">
        <maml:name>RetryCount</maml:name>
        <maml:Description>
          <maml:para>Number of times to retry if unsuccessful. Default is 3 times.</maml:para>
        </maml:Description>
        <command:parameterValue required="true" variableLength="false">Int32</command:parameterValue>
        <dev:type>
          <maml:name>Int32</maml:name>
          <maml:uri />
        </dev:type>
        <dev:defaultValue>3</dev:defaultValue>
      </command:parameter>
      <command:parameter required="false" variableLength="true" globbing="false" pipelineInput="False" position="named" aliases="none">
        <maml:name>IgnoreSSLCertificate</maml:name>
        <maml:Description>
          <maml:para>Ignore any certificate warnings</maml:para>
        </maml:Description>
        <command:parameterValue required="false" variableLength="false">SwitchParameter</command:parameterValue>
        <dev:type>
          <maml:name>SwitchParameter</maml:name>
          <maml:uri />
        </dev:type>
        <dev:defaultValue>False</dev:defaultValue>
      </command:parameter>
      <command:parameter required="false" variableLength="true" globbing="false" pipelineInput="False" position="named" aliases="Creds">
        <maml:name>Credential</maml:name>
        <maml:Description>
          <maml:para>User ID and password for the device</maml:para>
        </maml:Description>
        <command:parameterValue required="true" variableLength="false">PSCredential</command:parameterValue>
        <dev:type>
          <maml:name>PSCredential</maml:name>
          <maml:uri />
        </dev:type>
        <dev:defaultValue>None</dev:defaultValue>
      </command:parameter>
    </command:parameters>
    <command:inputTypes />
    <command:returnValues />
    <maml:alertSet>
      <maml:alert>
        <maml:para>Author: Zachary Loeber</maml:para>
      </maml:alert>
    </maml:alertSet>
    <command:examples>
      <command:example>
        <maml:title>-------------------------- EXAMPLE 1 --------------------------</maml:title>
        <dev:code>$cred = Get-Credential -UserName 'Polycom' -Message 'Please supply the admin password for the device'</dev:code>
        <dev:remarks>
          <maml:para>Get-VVXCallStatus -Credential $cred -Protocol 'https' -Port 443 -Device '10.0.29.20' -IgnoreSSLCertificate -ErrorAction:Ignore</maml:para>
          <maml:para>Retrieves a call status information report for the device. If no calls are in progress then a warning is displayed.</maml:para>
        </dev:remarks>
      </command:example>
    </command:examples>
    <command:relatedLinks>
      <maml:navigationLink>
        <maml:linkText>https://github.com/zloeber/PSVVX</maml:linkText>
        <maml:uri>https://github.com/zloeber/PSVVX</maml:uri>
      </maml:navigationLink>
    </command:relatedLinks>
  </command:command>
  <command:command xmlns:maml="http://schemas.microsoft.com/maml/2004/10" xmlns:command="http://schemas.microsoft.com/maml/dev/command/2004/10" xmlns:dev="http://schemas.microsoft.com/maml/dev/2004/10" xmlns:MSHelp="http://msdn.microsoft.com/mshelp">
    <command:details>
      <command:name>Get-VVXLastRESTCall</command:name>
      <command:verb>Get</command:verb>
      <command:noun>VVXLastRESTCall</command:noun>
      <maml:description>
        <maml:para>Returns the last REST call information that was used.</maml:para>
      </maml:description>
    </command:details>
    <maml:description>
      <maml:para>Returns the last REST call information that was used.</maml:para>
    </maml:description>
    <command:syntax>
      <command:syntaxItem>
        <maml:name>Get-VVXLastRESTCall</maml:name>
      </command:syntaxItem>
    </command:syntax>
    <command:parameters />
    <command:inputTypes />
    <command:returnValues />
    <maml:alertSet>
      <maml:alert>
        <maml:para>Author: Zachary Loeber</maml:para>
      </maml:alert>
    </maml:alertSet>
    <command:examples>
      <command:example>
        <maml:title>-------------------------- EXAMPLE 1 --------------------------</maml:title>
        <dev:code>Get-VVXLastRestCall</dev:code>
        <dev:remarks>
          <maml:para></maml:para>
        </dev:remarks>
      </command:example>
    </command:examples>
    <command:relatedLinks>
      <maml:navigationLink>
        <maml:linkText>https://github.com/zloeber/PSVVX</maml:linkText>
        <maml:uri>https://github.com/zloeber/PSVVX</maml:uri>
      </maml:navigationLink>
    </command:relatedLinks>
  </command:command>
  <command:command xmlns:maml="http://schemas.microsoft.com/maml/2004/10" xmlns:command="http://schemas.microsoft.com/maml/dev/command/2004/10" xmlns:dev="http://schemas.microsoft.com/maml/dev/2004/10" xmlns:MSHelp="http://msdn.microsoft.com/mshelp">
    <command:details>
      <command:name>Send-VVXRestCommand</command:name>
      <command:verb>Send</command:verb>
      <command:noun>VVXRestCommand</command:noun>
      <maml:description>
        <maml:para>Sends a REST command to a VVX device.</maml:para>
      </maml:description>
    </command:details>
    <maml:description>
      <maml:para>Sends a REST command to a VVX device.</maml:para>
    </maml:description>
    <command:syntax>
      <command:syntaxItem>
        <maml:name>Send-VVXRestCommand</maml:name>
        <command:parameter required="true" variableLength="true" globbing="false" pipelineInput="True (ByPropertyName, ByValue)" position="1" aliases="Phone, DeviceName">
          <maml:name>Device</maml:name>
          <maml:Description>
            <maml:para>Device to send command for processing.</maml:para>
          </maml:Description>
          <command:parameterValue required="true" variableLength="false">String</command:parameterValue>
          <dev:type>
            <maml:name>String</maml:name>
            <maml:uri />
          </dev:type>
          <dev:defaultValue>None</dev:defaultValue>
        </command:parameter>
        <command:parameter required="false" variableLength="true" globbing="false" pipelineInput="False" position="2" aliases="none">
          <maml:name>Protocol</maml:name>
          <maml:Description>
            <maml:para>Protocol to use. Must be HTTP or HTTPS. Default is HTTP.</maml:para>
          </maml:Description>
          <command:parameterValue required="true" variableLength="false">String</command:parameterValue>
          <dev:type>
            <maml:name>String</maml:name>
            <maml:uri />
          </dev:type>
          <dev:defaultValue>HTTP</dev:defaultValue>
        </command:parameter>
        <command:parameter required="true" variableLength="true" globbing="false" pipelineInput="False" position="4" aliases="none">
          <maml:name>Command</maml:name>
          <maml:Description>
            <maml:para>RESTful command to send.</maml:para>
          </maml:Description>
          <command:parameterValue required="true" variableLength="false">String</command:parameterValue>
          <dev:type>
            <maml:name>String</maml:name>
            <maml:uri />
          </dev:type>
          <dev:defaultValue>None</dev:defaultValue>
        </command:parameter>
        <command:parameter required="false" variableLength="true" globbing="false" pipelineInput="False" position="named" aliases="none">
          <maml:name>Port</maml:name>
          <maml:Description>
            <maml:para>Port to use. Default is 80.</maml:para>
          </maml:Description>
          <command:parameterValue required="true" variableLength="false">Int32</command:parameterValue>
          <dev:type>
            <maml:name>Int32</maml:name>
            <maml:uri />
          </dev:type>
          <dev:defaultValue>80</dev:defaultValue>
        </command:parameter>
        <command:parameter required="false" variableLength="true" globbing="false" pipelineInput="False" position="named" aliases="none">
          <maml:name>Base</maml:name>
          <maml:Description>
            <maml:para>Base REST uri path. Defaults to api/v1</maml:para>
          </maml:Description>
          <command:parameterValue required="true" variableLength="false">String</command:parameterValue>
          <dev:type>
            <maml:name>String</maml:name>
            <maml:uri />
          </dev:type>
          <dev:defaultValue>Api/v1</dev:defaultValue>
        </command:parameter>
        <command:parameter required="false" variableLength="true" globbing="false" pipelineInput="False" position="named" aliases="none">
          <maml:name>Method</maml:name>
          <maml:Description>
            <maml:para>REST method to send. Can be Head, Get, Put, Patch, Post, or Delete. Default is Get.</maml:para>
          </maml:Description>
          <command:parameterValue required="true" variableLength="false">String</command:parameterValue>
          <dev:type>
            <maml:name>String</maml:name>
            <maml:uri />
          </dev:type>
          <dev:defaultValue>Get</dev:defaultValue>
        </command:parameter>
        <command:parameter required="false" variableLength="true" globbing="false" pipelineInput="False" position="named" aliases="none">
          <maml:name>Body</maml:name>
          <maml:Description>
            <maml:para>The body of the REST request</maml:para>
          </maml:Description>
          <command:parameterValue required="true" variableLength="false">Hashtable</command:parameterValue>
          <dev:type>
            <maml:name>Hashtable</maml:name>
            <maml:uri />
          </dev:type>
          <dev:defaultValue>None</dev:defaultValue>
        </command:parameter>
        <command:parameter required="false" variableLength="true" globbing="false" pipelineInput="False" position="named" aliases="none">
          <maml:name>RetryCount</maml:name>
          <maml:Description>
            <maml:para>Number of times to retry if unsuccessful. Default is 3 times.</maml:para>
          </maml:Description>
          <command:parameterValue required="true" variableLength="false">Int32</command:parameterValue>
          <dev:type>
            <maml:name>Int32</maml:name>
            <maml:uri />
          </dev:type>
          <dev:defaultValue>3</dev:defaultValue>
        </command:parameter>
        <command:parameter required="false" variableLength="true" globbing="false" pipelineInput="False" position="named" aliases="none">
          <maml:name>IgnoreSSLCertificate</maml:name>
          <maml:Description>
            <maml:para>Ignore any certificate warnings</maml:para>
          </maml:Description>
          <dev:type>
            <maml:name>SwitchParameter</maml:name>
            <maml:uri />
          </dev:type>
          <dev:defaultValue>False</dev:defaultValue>
        </command:parameter>
        <command:parameter required="false" variableLength="true" globbing="false" pipelineInput="False" position="named" aliases="Creds">
          <maml:name>Credential</maml:name>
          <maml:Description>
            <maml:para>User ID and password for the device</maml:para>
          </maml:Description>
          <command:parameterValue required="true" variableLength="false">PSCredential</command:parameterValue>
          <dev:type>
            <maml:name>PSCredential</maml:name>
            <maml:uri />
          </dev:type>
          <dev:defaultValue>None</dev:defaultValue>
        </command:parameter>
      </command:syntaxItem>
      <command:syntaxItem>
        <maml:name>Send-VVXRestCommand</maml:name>
        <command:parameter required="true" variableLength="true" globbing="false" pipelineInput="False" position="1" aliases="none">
          <maml:name>FullURI</maml:name>
          <maml:Description>
            <maml:para>A full web url to parse</maml:para>
          </maml:Description>
          <command:parameterValue required="true" variableLength="false">String</command:parameterValue>
          <dev:type>
            <maml:name>String</maml:name>
            <maml:uri />
          </dev:type>
          <dev:defaultValue>None</dev:defaultValue>
        </command:parameter>
        <command:parameter required="false" variableLength="true" globbing="false" pipelineInput="False" position="named" aliases="none">
          <maml:name>Method</maml:name>
          <maml:Description>
            <maml:para>REST method to send. Can be Head, Get, Put, Patch, Post, or Delete. Default is Get.</maml:para>
          </maml:Description>
          <command:parameterValue required="true" variableLength="false">String</command:parameterValue>
          <dev:type>
            <maml:name>String</maml:name>
            <maml:uri />
          </dev:type>
          <dev:defaultValue>Get</dev:defaultValue>
        </command:parameter>
        <command:parameter required="false" variableLength="true" globbing="false" pipelineInput="False" position="named" aliases="none">
          <maml:name>Body</maml:name>
          <maml:Description>
            <maml:para>The body of the REST request</maml:para>
          </maml:Description>
          <command:parameterValue required="true" variableLength="false">Hashtable</command:parameterValue>
          <dev:type>
            <maml:name>Hashtable</maml:name>
            <maml:uri />
          </dev:type>
          <dev:defaultValue>None</dev:defaultValue>
        </command:parameter>
        <command:parameter required="false" variableLength="true" globbing="false" pipelineInput="False" position="named" aliases="none">
          <maml:name>RetryCount</maml:name>
          <maml:Description>
            <maml:para>Number of times to retry if unsuccessful. Default is 3 times.</maml:para>
          </maml:Description>
          <command:parameterValue required="true" variableLength="false">Int32</command:parameterValue>
          <dev:type>
            <maml:name>Int32</maml:name>
            <maml:uri />
          </dev:type>
          <dev:defaultValue>3</dev:defaultValue>
        </command:parameter>
        <command:parameter required="false" variableLength="true" globbing="false" pipelineInput="False" position="named" aliases="none">
          <maml:name>IgnoreSSLCertificate</maml:name>
          <maml:Description>
            <maml:para>Ignore any certificate warnings</maml:para>
          </maml:Description>
          <dev:type>
            <maml:name>SwitchParameter</maml:name>
            <maml:uri />
          </dev:type>
          <dev:defaultValue>False</dev:defaultValue>
        </command:parameter>
        <command:parameter required="false" variableLength="true" globbing="false" pipelineInput="False" position="named" aliases="Creds">
          <maml:name>Credential</maml:name>
          <maml:Description>
            <maml:para>User ID and password for the device</maml:para>
          </maml:Description>
          <command:parameterValue required="true" variableLength="false">PSCredential</command:parameterValue>
          <dev:type>
            <maml:name>PSCredential</maml:name>
            <maml:uri />
          </dev:type>
          <dev:defaultValue>None</dev:defaultValue>
        </command:parameter>
      </command:syntaxItem>
    </command:syntax>
    <command:parameters>
      <command:parameter required="true" variableLength="true" globbing="false" pipelineInput="True (ByPropertyName, ByValue)" position="1" aliases="Phone, DeviceName">
        <maml:name>Device</maml:name>
        <maml:Description>
          <maml:para>Device to send command for processing.</maml:para>
        </maml:Description>
        <command:parameterValue required="true" variableLength="false">String</command:parameterValue>
        <dev:type>
          <maml:name>String</maml:name>
          <maml:uri />
        </dev:type>
        <dev:defaultValue>None</dev:defaultValue>
      </command:parameter>
      <command:parameter required="false" variableLength="true" globbing="false" pipelineInput="False" position="2" aliases="none">
        <maml:name>Protocol</maml:name>
        <maml:Description>
          <maml:para>Protocol to use. Must be HTTP or HTTPS. Default is HTTP.</maml:para>
        </maml:Description>
        <command:parameterValue required="true" variableLength="false">String</command:parameterValue>
        <dev:type>
          <maml:name>String</maml:name>
          <maml:uri />
        </dev:type>
        <dev:defaultValue>HTTP</dev:defaultValue>
      </command:parameter>
      <command:parameter required="false" variableLength="true" globbing="false" pipelineInput="False" position="named" aliases="none">
        <maml:name>Port</maml:name>
        <maml:Description>
          <maml:para>Port to use. Default is 80.</maml:para>
        </maml:Description>
        <command:parameterValue required="true" variableLength="false">Int32</command:parameterValue>
        <dev:type>
          <maml:name>Int32</maml:name>
          <maml:uri />
        </dev:type>
        <dev:defaultValue>80</dev:defaultValue>
      </command:parameter>
      <command:parameter required="true" variableLength="true" globbing="false" pipelineInput="False" position="4" aliases="none">
        <maml:name>Command</maml:name>
        <maml:Description>
          <maml:para>RESTful command to send.</maml:para>
        </maml:Description>
        <command:parameterValue required="true" variableLength="false">String</command:parameterValue>
        <dev:type>
          <maml:name>String</maml:name>
          <maml:uri />
        </dev:type>
        <dev:defaultValue>None</dev:defaultValue>
      </command:parameter>
      <command:parameter required="false" variableLength="true" globbing="false" pipelineInput="False" position="named" aliases="none">
        <maml:name>Base</maml:name>
        <maml:Description>
          <maml:para>Base REST uri path. Defaults to api/v1</maml:para>
        </maml:Description>
        <command:parameterValue required="true" variableLength="false">String</command:parameterValue>
        <dev:type>
          <maml:name>String</maml:name>
          <maml:uri />
        </dev:type>
        <dev:defaultValue>Api/v1</dev:defaultValue>
      </command:parameter>
      <command:parameter required="true" variableLength="true" globbing="false" pipelineInput="False" position="1" aliases="none">
        <maml:name>FullURI</maml:name>
        <maml:Description>
          <maml:para>A full web url to parse</maml:para>
        </maml:Description>
        <command:parameterValue required="true" variableLength="false">String</command:parameterValue>
        <dev:type>
          <maml:name>String</maml:name>
          <maml:uri />
        </dev:type>
        <dev:defaultValue>None</dev:defaultValue>
      </command:parameter>
      <command:parameter required="false" variableLength="true" globbing="false" pipelineInput="False" position="named" aliases="none">
        <maml:name>Method</maml:name>
        <maml:Description>
          <maml:para>REST method to send. Can be Head, Get, Put, Patch, Post, or Delete. Default is Get.</maml:para>
        </maml:Description>
        <command:parameterValue required="true" variableLength="false">String</command:parameterValue>
        <dev:type>
          <maml:name>String</maml:name>
          <maml:uri />
        </dev:type>
        <dev:defaultValue>Get</dev:defaultValue>
      </command:parameter>
      <command:parameter required="false" variableLength="true" globbing="false" pipelineInput="False" position="named" aliases="none">
        <maml:name>Body</maml:name>
        <maml:Description>
          <maml:para>The body of the REST request</maml:para>
        </maml:Description>
        <command:parameterValue required="true" variableLength="false">Hashtable</command:parameterValue>
        <dev:type>
          <maml:name>Hashtable</maml:name>
          <maml:uri />
        </dev:type>
        <dev:defaultValue>None</dev:defaultValue>
      </command:parameter>
      <command:parameter required="false" variableLength="true" globbing="false" pipelineInput="False" position="named" aliases="none">
        <maml:name>RetryCount</maml:name>
        <maml:Description>
          <maml:para>Number of times to retry if unsuccessful. Default is 3 times.</maml:para>
        </maml:Description>
        <command:parameterValue required="true" variableLength="false">Int32</command:parameterValue>
        <dev:type>
          <maml:name>Int32</maml:name>
          <maml:uri />
        </dev:type>
        <dev:defaultValue>3</dev:defaultValue>
      </command:parameter>
      <command:parameter required="false" variableLength="true" globbing="false" pipelineInput="False" position="named" aliases="none">
        <maml:name>IgnoreSSLCertificate</maml:name>
        <maml:Description>
          <maml:para>Ignore any certificate warnings</maml:para>
        </maml:Description>
        <command:parameterValue required="false" variableLength="false">SwitchParameter</command:parameterValue>
        <dev:type>
          <maml:name>SwitchParameter</maml:name>
          <maml:uri />
        </dev:type>
        <dev:defaultValue>False</dev:defaultValue>
      </command:parameter>
      <command:parameter required="false" variableLength="true" globbing="false" pipelineInput="False" position="named" aliases="Creds">
        <maml:name>Credential</maml:name>
        <maml:Description>
          <maml:para>User ID and password for the device</maml:para>
        </maml:Description>
        <command:parameterValue required="true" variableLength="false">PSCredential</command:parameterValue>
        <dev:type>
          <maml:name>PSCredential</maml:name>
          <maml:uri />
        </dev:type>
        <dev:defaultValue>None</dev:defaultValue>
      </command:parameter>
    </command:parameters>
    <command:inputTypes />
    <command:returnValues />
    <maml:alertSet>
      <maml:alert>
        <maml:para>Author: Zachary Loeber</maml:para>
      </maml:alert>
    </maml:alertSet>
    <command:examples>
      <command:example>
        <maml:title>-------------------------- EXAMPLE 1 --------------------------</maml:title>
        <dev:code>-Command 'mgmt/safeRestart' -Method 'Post'</dev:code>
        <dev:remarks>
          <maml:para>-Command 'mgmt/safeReboot' -Method 'Post' -Command 'mgmt/configReset' -Method 'Post' -Command 'mgmt/factoryReset' -Method 'Post' -Command 'mgmt/device/info' -Method 'Get' -Command 'webCallControl/callStatus' -Method 'Get' -Command 'mgmt/network/info' -Method 'Get' -Command 'mgmt/lineInfo' -Method 'Get' -Command 'webCallControl/sipStatus' -Method 'Get' -Command 'mgmt/network/stats' -Method 'Get' -Command 'mgmt/config/set' -Method 'Post' -Body @{} -Command 'mgmt/config/get' -Method 'Post' -Body @{}</maml:para>
        </dev:remarks>
      </command:example>
      <command:example>
        <maml:title>-------------------------- EXAMPLE 2 --------------------------</maml:title>
        <dev:code>$cred = Get-Credential -UserName 'Polycom' -Message 'Please supply the admin password for the device'</dev:code>
        <dev:remarks>
          <maml:para>Send-VVXRestCommand -Command 'mgmt/device/info' -Method 'Get' -Credential $cred -Protocol 'https' -Port 443 -Device '10.0.29.20' -IgnoreSSLCertificate Send-VVXRestCommand -Command 'webCallControl/callStatus' -Method 'Get' -Credential $cred -Protocol 'https' -Port 443 -Device '10.0.29.20' -IgnoreSSLCertificate Send-VVXRestCommand -Command 'mgmt/network/info' -Method 'Get' -Credential $cred -Protocol 'https' -Port 443 -Device '10.0.29.20' -IgnoreSSLCertificate Send-VVXRestCommand -Command 'mgmt/lineInfo' -Method 'Get' -Credential $cred -Protocol 'https' -Port 443 -Device '10.0.29.20' -IgnoreSSLCertificate Send-VVXRestCommand -Command 'webCallControl/sipStatus' -Method 'Get' -Credential $cred -Protocol 'https' -Port 443 -Device '10.0.29.20' -IgnoreSSLCertificate Send-VVXRestCommand -Command 'mgmt/network/stats' -Method 'Get' -Credential $cred -Protocol 'https' -Port 443 -Device '10.0.29.20' -IgnoreSSLCertificate</maml:para>
        </dev:remarks>
      </command:example>
    </command:examples>
    <command:relatedLinks>
      <maml:navigationLink>
        <maml:linkText>https://github.com/zloeber/PSVVX</maml:linkText>
        <maml:uri>https://github.com/zloeber/PSVVX</maml:uri>
      </maml:navigationLink>
    </command:relatedLinks>
  </command:command>
</helpItems>